"Node","dA","dPC","dPCintra","dPCflux","dPCconnector","Component","BC"
1,0.5556977,0.0510595,0.0334589,0.0176005,1e-07,1,0
2,0.4123291,0.5422341,0.0184214,0.5238126,1e-07,2,0
3,6.093956,4.563852,4.023774,0.5392663,0.0008115,2,0
4,0.1238387,0.0041798,0.0016617,0.0025182,1e-07,3,0
5,0.209842,0.0073019,0.0047711,0.0025293,1.6e-06,3,0
6,2.780582,1.459789,0.8377348,0.6220495,4.6e-06,4,0
7,0.015722,0.0101856,2.68e-05,0.0101588,1e-07,4,0
8,0.0103159,0.0148056,1.15e-05,0.0079692,0.006825,4,0
9,0.0675951,0.2140578,0.0004951,0.0515724,0.1619904,4,0
10,0.1284941,0.0821709,0.001789,0.0803819,1e-07,4,0
11,0.3055897,0.394713,0.0101184,0.2075769,0.1770177,4,0
12,0.8112205,0.5447299,0.0713038,0.4436508,0.0297754,4,0.3605956
13,0.007721,0.0090883,6.5e-06,0.0029436,0.0061383,4,0.4206687
14,0.0264307,0.0291183,7.57e-05,0.0290426,1e-07,4,0.0007008
15,0.0393824,0.0453644,0.0001681,0.0443748,0.0008215,4,0.0017725
16,0.0983666,0.1081834,0.0010484,0.107135,1e-07,4,0.0003539
17,0.0707688,0.1550087,0.0005426,0.0809163,0.0735499,4,0.0999301
18,1.278145,1.342542,0.1770089,1.112498,0.0530352,4,0.0999301
19,0.1637972,0.5434345,0.002907,0.1979902,0.3425374,4,0.0999301
20,0.1646111,0.4310769,0.002936,0.2088619,0.2192791,4,0.1063555
21,0.2075745,0.6284874,0.0046686,0.272903,0.350916,4,0.1100817
22,0.0058185,0.0076931,3.7e-06,0.0076894,1e-07,4,6.33e-05
23,0.0202996,0.1636635,4.46e-05,0.0354391,0.1281798,4,8.28e-05
24,0.0112423,0.0264574,1.37e-05,0.0242544,0.0021894,4,0.0027339
25,0.0211677,0.0440944,4.85e-05,0.0439356,0.0001104,4,0.0041418
26,0.0114591,0.0278912,1.42e-05,0.0278769,1e-07,4,0.0025104
27,0.047763,0.1249197,0.0002472,0.1207961,0.0038765,4,0.0024055
28,0.0140738,0.0407652,2.15e-05,0.0359673,0.0047766,4,0.0024055
29,0.1051729,0.5856961,0.0011985,0.2566952,0.3278024,4,0.0065681
30,0.0532779,0.1357023,0.0003076,0.1353947,1e-07,4,0.0024055
31,0.0181192,0.0313155,3.56e-05,0.0312799,1e-07,4,0.0006889
32,0.0195083,0.0423866,4.12e-05,0.0399907,0.0023547,4,0.0018294
33,0.8559179,2.238423,0.0793778,2.106179,0.0528664,4,0.0037156
34,0.013782,0.0377152,2.06e-05,0.0316745,0.0060201,4,0.0006889
35,0.0151382,0.0342135,2.48e-05,0.0341887,1e-07,4,0.006255
36,0.3604038,0.9839762,0.0140739,0.9456925,0.0242099,4,0.0135423
37,0.1784695,0.4916618,0.0034511,0.4882107,1e-07,4,-0.0025997
38,0.0101968,0.0015992,1.13e-05,0.001588,1e-07,5,0
39,0.0827241,0.2293782,0.0007415,0.2286367,1e-07,4,0.0002519
40,0.0047663,0.0008322,2.5e-06,0.0007807,4.9e-05,5,0
41,0.4250266,0.9654716,0.0195734,0.9458981,1e-07,4,0.0006158
42,0.0161869,0.0213183,2.84e-05,0.0212899,1e-07,4,0.0001011
43,0.0182028,0.0032017,3.59e-05,0.0031658,1e-07,5,4e-07
44,0.0047506,0.0008344,2.4e-06,0.0008319,1e-07,5,4e-07
45,0.0012262,0.0002197,2e-07,0.0002196,1e-07,5,4e-07
46,0.0026139,0.000457,7e-07,0.0004562,1e-07,5,4e-07
47,0.0864732,0.0154913,0.0008102,0.0141096,0.0005716,5,4e-07
48,0.0045184,0.0008233,2.2e-06,0.0008104,1.07e-05,5,4e-07
49,0.2050731,0.6157763,0.0045567,0.5234435,0.0877762,4,0.0034306
50,0.2087431,0.373833,0.0047213,0.3497999,0.019312,4,0.0022194
51,0.0087744,0.0016293,8.3e-06,0.001608,1.31e-05,5,4e-07
52,0.0256257,0.0047913,7.12e-05,0.0046151,0.0001051,5,3.1e-06
53,0.0027694,0.0007468,8e-07,0.0005207,0.0002254,5,4e-07
54,0.5502613,1.25983,0.0328075,1.113789,0.1132338,4,0.0018351
55,0.2304136,0.7673945,0.0057524,0.5815916,0.1800506,4,0.006296
56,4.050926,11.5726,1.778049,8.10008,1.694471,4,0.5268998
57,0.0253361,0.0102751,6.96e-05,0.0102055,1e-07,4,0
58,0.0553135,0.0506914,0.0003315,0.0402004,0.0101595,4,1.89e-05
59,0.0663655,0.0764205,0.0004772,0.0541153,0.0218281,4,0.0003066
60,0.8435728,2.607193,0.0771046,2.137042,0.3930463,4,0.0136865
61,0.0456827,0.0123694,0.0002261,0.0084062,0.0037371,5,3.1e-06
62,0.0031356,0.0052128,1.1e-06,0.0017794,0.0034324,4,4.1e-06
63,0.0119515,0.003969,1.55e-05,0.0023448,0.0016088,5,1.06e-05
64,0.0050474,0.0010099,2.8e-06,0.0010071,1e-07,5,1.06e-05
65,0.0154032,0.0112611,2.57e-05,0.0112354,1e-07,4,0.0003906
66,0.1590733,0.0921289,0.0027418,0.0838345,0.0055528,4,4.1e-06
67,0.0911461,0.1032877,0.0009001,0.075176,0.0272116,4,0.0005046
68,0.3137403,0.8767223,0.0106654,0.683242,0.182815,4,0.0058398
69,0.0824022,0.0657211,0.0007357,0.0545686,0.0104169,4,0.0001921
70,0.0188296,0.0113587,3.84e-05,0.0104926,0.0008278,4,4.1e-06
71,0.0559941,0.0480487,0.0003397,0.0465445,0.0011645,4,0.0005916
72,0.0710415,0.032369,0.0005468,0.031004,0.0008182,4,2.1e-06
73,0.0159469,0.0039506,2.76e-05,0.0039227,4e-07,5,1.57e-05
74,0.0116386,0.0046547,1.47e-05,0.0046396,5e-07,4,0
75,0.0385417,0.0845795,0.000161,0.0708058,0.0136129,4,0.0028809
76,0.177721,0.2783068,0.0034223,0.2514767,0.0234079,4,0.0026559
77,0.0127166,0.0034803,1.75e-05,0.0031728,0.0002901,5,1.57e-05
78,2.06936,8.154067,0.4639884,5.059343,2.630736,4,0.0268889
79,0.0102781,0.0240026,1.14e-05,0.0207895,0.0032017,4,0.002288
80,0.0205148,0.044225,4.56e-05,0.0297606,0.0144189,4,0.002654
81,0.0049137,0.0117056,2.6e-06,0.0099913,0.0017117,4,0.002288
82,0.0285325,0.0641831,8.82e-05,0.048341,0.0157539,4,0.0021564
83,0.0242167,0.0478292,6.35e-05,0.0354404,0.0123253,4,0.0026607
84,0.0316492,0.0635672,0.0001085,0.0626445,0.0008143,4,0.0027604
85,0.018743,0.009198,3.81e-05,0.0059732,0.0031867,5,6.44e-05
86,0.0418821,0.08056,0.0001901,0.0703646,0.0100054,4,0.0021485
87,0.0557251,0.1116114,0.0003365,0.0815844,0.0296906,4,0.0026667
88,0.027476,0.069325,8.18e-05,0.0431396,0.0261036,4,0.0026667
89,0.0152251,0.0271974,2.51e-05,0.0235225,0.0036499,4,0.0011001
90,0.0493626,0.0926171,0.000264,0.0820607,0.0102925,4,0.0021485
91,0.0109721,0.0215524,1.3e-05,0.0183473,0.0031922,4,0.0021485
92,0.2660577,0.6786094,0.0076698,0.6609187,0.0100208,4,0.002274
93,0.0341213,0.0224949,0.0001262,0.0223688,1e-07,5,0.0002869
94,0.0244246,0.0252812,6.46e-05,0.0170366,0.0081801,5,0.0001858
95,0.0497262,0.1585218,0.0002679,0.1191283,0.0391256,4,0.0349204
96,0.0356968,0.0857273,0.0001381,0.0855892,1e-07,4,0.0351882
97,0.0095109,0.0204442,9.8e-06,0.0204344,1e-07,4,0.0346479
98,0.201749,0.1193607,0.0044102,0.1149402,1.04e-05,5,0.0001402
99,0.0474541,0.0615339,0.000244,0.0331529,0.028137,5,0.0002379
100,0.0228537,0.072725,5.66e-05,0.0560091,0.0166594,4,0.0351882
101,0.0262982,0.0764101,7.49e-05,0.0662116,0.0101236,4,0.0351882
102,0.0211758,0.0523778,4.86e-05,0.0513477,0.0009815,4,0.0349163
103,0.0053361,0.0041843,3.1e-06,0.0041812,1e-07,5,0.0003082
104,0.0778111,0.3810806,0.000656,0.202815,0.1776097,4,0.0354843
105,0.1064097,0.1376909,0.0012269,0.0818423,0.0546218,5,0.000422
106,0.1780824,0.1315686,0.0034362,0.1047622,0.0233703,5,0.0001896
107,0.2315336,0.7993683,0.0058085,0.5923944,0.2011656,4,0.0354843
108,0.0404956,0.0993957,0.0001777,0.099218,1e-07,4,0.0004864
109,1.32725,3.740069,0.1908712,3.11044,0.4387576,4,0.0600553
110,0.0622276,0.1563293,0.0004196,0.1525236,0.0033862,4,0.0017289
111,1e-07,2e-07,0,2e-07,1e-07,4,0.0004178
112,0.0445024,0.1268273,0.0002146,0.1127787,0.0138341,4,0.0033197
113,0.006589,0.0030806,4.7e-06,0.0030748,1.2e-06,5,2.7e-06
114,0.0102006,0.0236779,1.13e-05,0.0236667,1e-07,4,0.0006405
115,0.8080186,2.746156,0.0707421,1.962725,0.7126891,4,0.1435272
116,0.0024423,0.0012451,6e-07,0.0011922,5.24e-05,5,3.4e-06
117,0.1851051,0.0769644,0.0037125,0.0732508,1.1e-06,5,1.4e-06
118,0.0066277,0.0407713,4.8e-06,0.0159396,0.024827,4,0.0005658
119,0.0047206,0.002285,2.4e-06,0.0022821,6e-07,5,3.4e-06
120,0.0059108,0.0043316,3.8e-06,0.0026376,0.0016902,5,6e-07
121,0.0072197,0.0051255,5.6e-06,0.0031703,0.0019496,5,5e-07
122,0.0626229,0.2373651,0.0004249,0.1494566,0.0874836,4,0.0228808
123,0.0032122,0.0032881,1.1e-06,0.0015215,0.0017656,5,6e-07
124,0.2000327,0.5797891,0.0043355,0.4867279,0.0887258,4,0.0263641
125,0.0264227,0.0527869,7.56e-05,0.0527113,1e-07,4,0.0015182
126,0.0027689,0.0027799,8e-07,0.0013459,0.0014332,5,2.2e-06
127,0.1296443,0.3489021,0.0018211,0.3274983,0.0195827,4,0.000396
128,0.0426876,0.1372676,0.0001974,0.1005215,0.0365488,4,0.0161165
129,0.0069597,0.0175642,5.2e-06,0.0175589,1e-07,4,0.0002564
130,0.0013043,0.0012823,2e-07,0.0012822,1e-07,5,7.86e-05
131,0.0202823,0.0576258,4.46e-05,0.0494461,0.0081352,4,0.0001431
132,0.0172623,0.0643155,3.23e-05,0.0175889,0.0466944,5,2.32e-05
133,0.2951311,0.7259963,0.0094377,0.641217,0.0753416,4,0.0348943
134,0.0031754,0.0080681,1.1e-06,0.0076578,0.0004093,4,0.0001805
135,0.4018971,1.062363,0.0175011,0.9763705,0.0684911,4,0.000342
136,0.0375236,0.1305991,0.0001526,0.0847141,0.0457325,4,0.0131969
137,0.0076822,0.0185657,6.4e-06,0.0177177,0.0008416,4,0.0003093
138,0.0132741,0.0561175,1.91e-05,0.0295006,0.0265978,4,0.0121981
139,0.0144762,0.0142107,2.27e-05,0.014188,1e-07,5,4.53e-05
140,0.0020234,0.0051718,4e-07,0.0046339,0.0005376,4,0.0003093
141,0.1294957,0.2872594,0.001817,0.2854424,1e-07,4,2.72e-05
142,0.1066926,0.285373,0.0012334,0.2660438,0.0180959,4,0.0170524
143,0.0123169,0.0230865,1.64e-05,0.0230701,1e-07,4,0.0001719
144,0.0158394,0.0551103,2.72e-05,0.0329037,0.0221795,4,0.0074366
145,0.296925,0.7365944,0.0095528,0.7203388,0.0067029,4,0.0181212
146,0.0060864,0.0129547,4e-06,0.0129507,1e-07,4,0.0106488
147,0.0517427,0.0498715,0.0002901,0.0495814,1e-07,5,2.32e-05
148,0.0150047,0.0498755,2.44e-05,0.0301627,0.0196885,4,0.0074366
149,0.0095826,0.0093666,9.9e-06,0.0093566,1e-07,5,2.32e-05
150,0.0144068,0.0287977,2.25e-05,0.0287753,1e-07,4,0.0074366
151,0.0039741,6.59e-05,1.7e-06,6.41e-05,1e-07,6,0
152,0.0060253,0.0056781,3.9e-06,0.0056741,1e-07,5,2.32e-05
153,0.0142232,0.0002272,2.19e-05,0.0002028,2.5e-06,6,0
154,0.0509693,0.0520345,0.0002815,0.0514476,0.0003055,5,1.74e-05
155,1.412775,1.466667,0.2162625,1.026823,0.2235809,5,0.0001214
156,0.0038851,0.0039148,1.6e-06,0.0039132,1e-07,5,2.32e-05
157,0.0025675,0.0026007,7e-07,0.0026,1e-07,5,2.32e-05
158,0.0553877,0.0600126,0.0003324,0.0528638,0.0068164,5,1.74e-05
159,0.4529783,0.4932588,0.0222326,0.4078786,0.0631477,5,7.86e-05
160,0.0163835,0.0265394,2.91e-05,0.0164935,0.0100168,5,1.24e-05
161,0.0176042,0.0386037,3.36e-05,0.0173439,0.0212262,5,8.4e-06
162,1.23622,1.201421,0.1655872,0.9309523,0.1048811,5,2.32e-05
163,0.0266075,0.0299697,7.67e-05,0.0209108,0.0089823,5,7.3e-06
164,0.1276625,0.1155745,0.0017659,0.1124841,0.0013246,5,1.74e-05
165,0.1456936,0.1347135,0.0022999,0.1295456,0.002868,5,1.74e-05
166,0.1158667,0.1309168,0.0014546,0.1119486,0.0175137,5,1.47e-05
167,0.041093,0.0327236,0.000183,0.0306848,0.0018559,5,7.3e-06
168,0.0332268,0.0644562,0.0001196,0.0273835,0.0369532,4,0.4124061
169,0.0400728,0.0557708,0.000174,0.0271338,0.0284632,5,4.4e-06
170,0.0338835,0.0180695,0.0001244,0.0179409,4.4e-06,5,1e-06
171,0.2785209,0.1491775,0.0084053,0.1353023,0.00547,5,4.4e-06
172,0.6517977,0.450685,0.0460321,0.40456,9.3e-05,5,7.2e-06
173,0.0068733,0.0043387,5.1e-06,0.0043336,1e-07,5,2.4e-06
174,0.0841435,0.0937304,0.0007671,0.0467041,0.0462592,4,0.1124205
175,0.3639058,0.230971,0.0143487,0.2075363,0.0090861,5,3.5e-06
176,0.0118593,0.0064891,1.52e-05,0.0063331,0.0001409,4,0.0008524
177,0.0695172,0.0426515,0.0005236,0.0421278,1e-07,5,1.2e-06
178,0.0054066,0.0025744,3.2e-06,0.0025712,1e-07,4,0.0012014
179,0.1022343,0.0769398,0.0011325,0.0498152,0.0259922,4,0.0013268
180,0.0894565,0.0581059,0.0008671,0.0435785,0.0136604,4,0.1735034
181,0.0552028,0.0210487,0.0003302,0.0203844,0.0003342,4,0.1826169
182,0.2304141,0.1467798,0.0057525,0.1121915,0.0288359,4,0.1826169
183,0.0167753,0.0062056,3.05e-05,0.0061751,1e-07,4,0.0328185
184,0.0478047,0.0876607,0.0002476,0.0286147,0.0587984,4,0.0328185
185,0.0047836,0.0036345,2.5e-06,0.0029325,0.0006996,4,0.0328185
186,0.0067224,0.0041277,4.9e-06,0.0041228,1e-07,4,0.0328185
187,0.0952249,0.1119095,0.0009825,0.0618932,0.0490339,4,0.0014372
188,0.0244839,0.0164061,6.5e-05,0.0163412,1e-07,4,0.0014372
189,0.4987359,0.4179343,0.0269511,0.293069,0.0979143,4,0.1767318
190,0.0182455,0.0127857,3.61e-05,0.0127496,1e-07,4,0.0019548
191,0.003779,0.0024561,1.5e-06,0.0024545,1e-07,4,0.012946
192,0.0940196,0.1291577,0.0009578,0.0659029,0.062297,4,0.0107044
193,0.0659818,0.0421253,0.0004717,0.0416536,1e-07,4,0.3151192
194,1.23605,0.8959067,0.1655417,0.587712,0.1426531,4,0.3151192
195,0.2695163,0.4244615,0.0078705,0.1823476,0.2342434,4,0.5154158
196,0.0166027,0.0779882,2.99e-05,0.0117357,0.0662227,4,0.0735161
197,0.0066213,0.0050407,4.8e-06,0.005036,1e-07,4,0.1051543
198,0.0363958,0.0227511,0.0001435,0.0226075,1e-07,4,0.0489719
199,0.1521912,0.1724647,0.0025097,0.113677,0.0562781,4,0.0298557
200,0.010529,0.0078004,1.2e-05,0.0067803,0.0010081,4,0.0489719
201,0.0046538,0.0042481,2.3e-06,0.0031952,0.0010506,4,0.0052591
202,0.0170991,0.015729,3.17e-05,0.0125897,0.0031077,4,0.0092037
203,0.0211697,0.0168789,4.86e-05,0.0168304,1e-07,4,0.0172792
204,0.1138692,0.0934301,0.0014049,0.0845518,0.0074734,4,0.0172792
205,0.1167537,0.1656161,0.001477,0.0908021,0.073337,4,0.1035926
206,0.0141911,0.0115015,2.18e-05,0.0114797,1e-07,4,0.0604199
207,0.3521889,0.3037678,0.0134396,0.2627918,0.0275365,4,0.1900536
208,0.0241398,0.0170765,6.31e-05,0.0170134,1e-07,4,0.1163172
209,1.008164,0.9677661,0.1101279,0.6104384,0.2471999,4,0.3844651
210,0.0199424,0.0425023,4.31e-05,0.0153853,0.027074,4,0.0002661
211,0.0576824,0.1233195,0.0003605,0.0447266,0.0782325,4,0.0002661
212,0.0391577,0.0288683,0.0001661,0.0286644,3.78e-05,4,0.1845555
213,0.0863619,0.1648364,0.0008081,0.0719966,0.0920317,4,0.0960598
214,0.4786185,0.6983776,0.0248207,0.4188907,0.2546662,4,0.0884575
215,0.030089,0.0232075,9.81e-05,0.0231094,1e-07,4,0.1910365
216,0.0211895,0.020434,4.86e-05,0.0203854,1e-07,4,0.1030084
217,0.0202156,0.019627,4.43e-05,0.0189597,0.0006231,4,0.1030084
218,0.2891346,0.5301027,0.0090581,0.3003104,0.2207342,4,0.1467617
219,0.0359239,0.0404696,0.0001398,0.0391913,0.0011386,4,0.0892519
220,0.0635927,0.1726546,0.0004382,0.0700802,0.1021362,4,0.0892519
221,0.0892215,0.1033936,0.0008625,0.1025098,2.13e-05,4,0.0654572
222,0.0190767,0.0375447,3.94e-05,0.0346288,0.0028766,4,0.0363935
223,0.281743,1.372064,0.0086008,0.5333595,0.8301035,4,0.0638579
224,0.1084262,0.2083586,0.0012738,0.2070848,1e-07,4,0.0508176
225,0.7677442,2.348679,0.0638658,1.373894,0.9109194,4,0.1054088
226,0.005049,0.0097197,2.8e-06,0.009717,1e-07,4,0.0694635
227,0.0181899,0.0347151,3.59e-05,0.0346793,1e-07,4,0.0694635
228,2.110042,3.972282,0.4824112,3.15057,0.3393004,4,0.33999
229,0.0101752,0.0174358,1.12e-05,0.0174246,1e-07,4,2.51e-05
230,0.0492266,0.0936956,0.0002626,0.093433,1e-07,4,0.0003304
231,0.3791642,0.7305574,0.0155772,0.6941808,0.0207994,4,0.0003311
232,2.273129,5.168982,0.5598648,3.327532,1.281585,4,0.3511719
233,0.3239657,0.6210757,0.0113719,0.6097039,1e-07,4,0.0004268
234,0.1146572,0.1672023,0.0014244,0.1266318,0.0391461,4,0.0822727
235,0.158124,0.3161772,0.0027091,0.3021885,0.0112796,4,0.0008895
236,0.1391659,0.6050382,0.0020985,0.2673469,0.3355928,4,0.0009118
237,0.0442559,0.0874379,0.0002122,0.0854458,0.00178,4,0.0009574
238,0.0182323,0.0336622,3.6e-05,0.0191864,0.0144398,4,0.0284581
239,0.0339925,0.0656745,0.0001252,0.0655493,1e-07,4,0.0010642
240,0.0218515,0.0628356,5.17e-05,0.040469,0.022315,4,0.0012872
241,0.0326535,0.0692418,0.0001155,0.0577274,0.0113989,4,0.0236336
242,0.0989006,0.1117668,0.0010598,0.1012262,0.0094808,4,0.1757419
243,0.181095,0.335891,0.0035534,0.3083842,0.0239534,4,0.0256587
244,0.0264596,0.0446463,7.59e-05,0.0445704,1e-07,4,0.0984038
245,0.2148551,0.5105007,0.0050018,0.3617479,0.1437511,4,0.1102443
246,0.0163172,0.0152379,2.88e-05,0.0130241,0.0021851,4,0.2437549
247,0.0025722,0.0028088,7e-07,0.0027938,1.43e-05,4,9.82e-05
248,0.0130317,0.0136763,1.84e-05,0.0136579,1e-07,4,1.29e-05
249,0.0610791,0.0667968,0.0004042,0.0662023,0.0001903,4,0.00013
250,0.0139381,0.0147236,2.1e-05,0.0147026,1e-07,4,5.6e-06
251,0.059153,0.0667306,0.0003791,0.0649941,0.0013574,4,9.8e-06
252,0.0538393,0.2030101,0.0003141,0.085413,0.1172832,4,0.1167117
253,0.2170195,0.2556107,0.0051031,0.2322871,0.0182206,4,0.00013
254,0.231304,0.2727692,0.005797,0.2472893,0.0196829,4,0.00013
255,0.1331832,0.1488072,0.0019219,0.1445762,0.0023092,4,1.27e-05
256,0.1851873,0.3019329,0.0037158,0.1999169,0.0983002,4,0.0019065
257,0.0018584,0.0020725,4e-07,0.0020721,1e-07,4,0.000121
258,0.0983761,0.1405637,0.0010486,0.1215412,0.017974,4,0.0180541
259,0.091735,0.1004354,0.0009118,0.0995236,1e-07,4,1.92e-05
260,0.0128309,0.0299226,1.78e-05,0.0160713,0.0138335,4,0.0217856
261,0.0050505,0.0052326,2.8e-06,0.0052298,1e-07,4,0.0084298
262,0.1396279,0.1680386,0.0021124,0.1515739,0.0143524,4,0.0084163
263,0.0724833,0.1140179,0.0005693,0.0678939,0.0455548,4,0.0312838
264,0.097491,0.1450287,0.0010298,0.1069159,0.037083,4,0.0084189
265,0.0432763,0.0530099,0.0002029,0.0434628,0.0093443,4,0.0322849
266,0.0187121,0.0114687,3.79e-05,0.0114308,1e-07,4,0.0058155
267,0.0460483,0.0606289,0.0002298,0.0515725,0.0088266,4,0.0006448
268,0.1094106,0.068079,0.001297,0.0666954,8.67e-05,4,0.0058116
269,0.0159218,0.0310456,2.75e-05,0.017364,0.0136542,4,0.0005496
270,0.199394,0.2342969,0.0043078,0.1817092,0.04828,4,0.0312486
271,0.0400255,0.0583298,0.0001736,0.0441532,0.0140031,4,0.0005558
272,0.1535447,0.1501329,0.0025545,0.1448665,0.002712,4,0.0308241
273,0.4315068,0.4613071,0.0201749,0.4284557,0.0126766,4,0.0005496
274,0.0789305,0.0869407,0.000675,0.0784105,0.0078552,4,0.0321813
275,0.1980989,0.2692817,0.0042521,0.22759,0.0374398,4,0.0270857
276,0.0595812,0.0749867,0.0003846,0.0662704,0.0083317,4,0.0005634
277,0.0869355,0.1052827,0.0008189,0.0823193,0.0221446,4,0.0308492
278,0.1306247,0.2305131,0.0018488,0.1464291,0.0822353,4,0.01406
279,0.044556,0.0725458,0.0002151,0.0481808,0.02415,4,0.0269219
280,0.0096277,0.0096316,1e-05,0.0096215,1e-07,4,0.0005558
281,0.0271693,0.0245103,8e-05,0.0244274,3e-06,4,1.6e-06
282,0.0050796,0.0048083,2.8e-06,0.0048055,1e-07,4,3.1e-06
283,0.002187,0.001964,5e-07,0.0019452,1.84e-05,4,2.1e-06
284,0.0213149,0.0668719,4.92e-05,0.0226765,0.0441462,4,0.0012121
285,0.0345693,0.0312948,0.0001295,0.0265095,0.0046558,4,0.0058102
286,0.0320448,0.0348459,0.0001113,0.0303319,0.0044029,4,3.1e-06
287,0.0932875,0.1223191,0.0009429,0.0967774,0.0245988,4,0.0020044
288,0.0112568,0.0106136,1.37e-05,0.0105999,1e-07,4,2.9e-06
289,0.0292248,0.06696,9.25e-05,0.0314484,0.0354191,4,0.0014658
290,0.0139105,0.0117939,2.1e-05,0.011773,1e-07,4,0.0058232
291,0.0174634,0.0163906,3.3e-05,0.0163575,1e-07,4,0.0001326
292,0.1404808,0.1261794,0.0021383,0.1240208,2.04e-05,4,0.0004696
293,0.022511,0.0258086,5.49e-05,0.0218929,0.0038608,4,4.26e-05
294,0.0537023,0.0504299,0.0003125,0.0435836,0.0065338,4,4.9e-06
295,0.021171,0.0252681,4.86e-05,0.0175305,0.0076891,4,5.8e-06
296,0.5166524,0.5644935,0.0289222,0.452537,0.0830344,4,0.006092
297,0.0095227,0.0098037,9.8e-06,0.0091923,0.0006017,4,2.46e-05
298,0.0123138,0.011417,1.64e-05,0.0114005,1e-07,4,0.0011824
299,0.0082005,0.0085355,7.3e-06,0.007834,0.0006943,4,1.91e-05
300,0.5302609,0.4843669,0.0304659,0.4250921,0.0288089,4,1.94e-05
301,0.4994632,0.599051,0.0270297,0.4351633,0.1368581,4,0.2168017
302,0.0019136,0.0017082,4e-07,0.0016798,2.81e-05,4,0.0829384
303,0.0029768,0.0042476,1e-06,0.0030333,0.0012135,4,0.0009875
304,0.2468895,0.3286425,0.0066045,0.2406267,0.0814114,4,0.0018392
305,0.0442875,0.1019346,0.0002125,0.0447124,0.0570097,4,0.0009819
306,0.046239,0.0418803,0.0002317,0.0409176,0.0007311,4,0.0910596
307,0.010876,0.0101281,1.28e-05,0.0096941,0.0004212,4,0.0755993
308,0.0690193,0.0544672,0.0005162,0.0539511,1e-07,4,4.2e-06
309,0.0022391,0.0018317,5e-07,0.0018311,1e-07,4,0.11134
310,0.0388528,0.0353108,0.0001636,0.0336855,0.0014619,4,0.1444522
311,0.0062407,0.0066197,4.2e-06,0.0053208,0.0012948,4,0.1830797
312,0.0387637,0.0327008,0.0001628,0.0325336,4.5e-06,4,0.332363
313,0.0385719,0.0352583,0.0001612,0.0350971,1e-07,4,0.0010001
314,0.0015477,0.0009166,3e-07,0.0008075,0.000109,4,0.2570215
315,0.0231247,0.0132773,5.79e-05,0.0120232,0.0011963,4,0.2667549
316,0.0114927,0.0070956,1.43e-05,0.0070813,1e-07,4,0.2318241
317,0.0170664,0.0088574,3.16e-05,0.0084934,0.0003326,4,0.079998
318,0.1170716,0.0969144,0.001485,0.0711897,0.0242397,4,0.2779539
319,0.0216515,0.0099768,5.08e-05,0.009926,1e-07,4,0.0485066
320,0.0407264,0.0202014,0.0001797,0.0200217,1e-07,4,0.079998
321,0.0104411,0.0067356,1.18e-05,0.0067238,1e-07,4,6.97e-05
322,0.021109,0.0338807,4.83e-05,0.015544,0.0182885,4,6.97e-05
323,0.0083814,0.0057734,7.6e-06,0.0057658,1e-07,4,6.97e-05
324,0.0073826,0.0265071,5.9e-06,0.0055673,0.020934,4,6.97e-05
325,0.4605714,0.3728656,0.0229842,0.3194098,0.0304717,4,0.1149756
326,0.2375784,0.1990829,0.0061157,0.1757416,0.0172256,4,0.1149756
327,0.0190785,0.0587504,3.94e-05,0.0155608,0.0431503,4,0.1149756
328,0.0308415,0.0266168,0.0001031,0.0265138,1e-07,4,0.1149756
329,0.2769149,0.4291744,0.0083086,0.220827,0.2000389,4,0.1149756
330,0.0455597,0.0397318,0.0002249,0.0392091,0.0002979,4,0.1149756
331,0.0270443,0.0340271,7.92e-05,0.0234734,0.0104746,4,0.1149756
332,0.1049296,0.1529651,0.001193,0.0895072,0.062265,4,0.1149756
333,0.2040361,0.4320039,0.0045108,0.1704349,0.2570584,4,0.1455016
334,0.4146606,0.7483985,0.0186303,0.3352517,0.3945166,4,0.17712
335,0.0264261,0.1399758,7.57e-05,0.0236257,0.1162745,4,0.0008363
336,0.0475363,0.1730673,0.0002448,0.0425353,0.1302872,4,0.0687701
337,0.0556996,0.2211992,0.0003362,0.0500937,0.1707694,4,0.0694902
338,0.0328332,0.0318701,0.0001168,0.03059,0.0011633,4,0.0534702
339,1.350469,1.284837,0.1976078,0.888773,0.198456,4,0.9935138
340,0.029283,0.0257713,9.29e-05,0.0256663,1.21e-05,4,0.0668746
341,0.0743306,0.0475385,0.0005986,0.0469399,1e-07,4,0.0006519
342,0.016258,0.0434758,2.86e-05,0.0433065,0.0001407,4,0.1062532
343,0.0157345,0.043905,2.68e-05,0.0420404,0.0018379,4,0.1062532
344,0.0190759,0.0676536,3.94e-05,0.067599,1.53e-05,4,1.31e-05
345,0.0587283,0.2046504,0.0003737,0.2042767,1e-07,4,1.31e-05
346,0.0262312,0.0955154,7.46e-05,0.0888259,0.006615,4,0.0344324
347,0.0198583,0.0728434,4.27e-05,0.0715854,0.0012154,4,1.31e-05
348,0.0232457,0.0693788,5.85e-05,0.069319,1.3e-06,4,0.0202798
349,0.0334259,0.1474551,0.0001211,0.129517,0.0178171,4,0.0440008
350,0.0255505,0.0999686,7.07e-05,0.08677,0.013128,4,0.0344975
351,0.0080789,0.0319046,7.1e-06,0.0298184,0.0020793,4,2.28e-05
352,0.0035648,0.0137748,1.4e-06,0.0137735,1e-07,4,0.0375057
353,0.0174542,0.0690074,3.3e-05,0.0591644,0.00981,4,0.0015459
354,0.0381433,0.5280096,0.0001576,0.1502449,0.3776071,4,0.0432816
355,0.017118,0.0714555,3.17e-05,0.0623569,0.009067,4,0.0015529
356,0.1165414,0.4335361,0.0014716,0.4320645,1e-07,4,9.1e-06
357,0.0195206,0.0686189,4.13e-05,0.0685776,1e-07,4,0.0858328
358,0.0124113,0.0416297,1.67e-05,0.041613,1e-07,4,1.1e-06
359,0.1693445,0.6313437,0.0031073,0.6272946,0.0009419,4,7.91e-05
360,0.0108085,0.0368676,1.27e-05,0.0368522,2.8e-06,4,0.0015459
361,0.0715845,0.3069774,0.0005552,0.2764505,0.0299717,4,0.0685451
362,0.0424606,0.1577585,0.0001953,0.1493184,0.0082449,4,0.0858328
363,0.0106367,0.0383451,1.23e-05,0.0383328,1e-07,4,0.0369825
364,0.0165873,0.0573313,2.98e-05,0.0573015,1e-07,4,0.0015577
365,0.0694348,0.2592201,0.0005224,0.2586977,1e-07,4,1.09e-05
366,0.0134124,0.0512114,1.95e-05,0.0511919,1e-07,4,0.0001002
367,0.0076345,0.0261724,6.3e-06,0.0252538,0.0009124,4,4e-07
368,0.8729954,4.617968,0.082577,3.138909,1.396482,4,9.53e-05
369,0.0336224,0.2506023,0.0001225,0.124678,0.1258018,4,1.28e-05
370,0.0091729,0.0284905,9.1e-06,0.0284731,8.4e-06,4,4e-07
371,0.1017894,0.4512095,0.0011226,0.3838255,0.0662614,4,4.31e-05
372,0.0032974,0.0124892,1.2e-06,0.0124329,5.52e-05,4,6.79e-05
373,0.0091849,0.0228277,9.1e-06,0.0228186,1e-07,4,4.22e-05
374,0.0293377,0.1194699,9.33e-05,0.1177798,0.0015969,4,0.0001071
375,0.1878649,0.7625815,0.0038241,0.6501263,0.1086311,4,4.8e-06
376,0.0051903,0.0195164,2.9e-06,0.0195135,1e-07,4,6.79e-05
377,0.0021164,0.0076401,5e-07,0.0076396,1e-07,4,5.75e-05
378,0.0225028,0.088743,5.49e-05,0.0765147,0.0121735,4,6.3e-06
379,0.0074606,0.0251293,6e-06,0.0236318,0.0014916,4,4.22e-05
380,0.0193121,0.0757235,4.04e-05,0.0731764,0.0025067,4,8.2e-05
381,1.059608,4.242108,0.1216537,3.715844,0.4046104,4,0.0432816
382,1.160699,5.232488,0.1459736,4.403182,0.6833314,4,0.2410515
383,0.0278791,0.1339046,8.42e-05,0.1018477,0.0319728,4,6.18e-05
384,0.0017226,0.0062347,3e-07,0.0061448,8.97e-05,4,1.41e-05
385,0.0215479,0.0632649,5.03e-05,0.0632146,1e-07,4,0
386,0.0378451,0.1545326,0.0001552,0.134506,0.0198715,4,1.41e-05
387,0.0035444,0.0130542,1.4e-06,0.0130528,1e-07,4,1.87e-05
388,0.0016611,0.005791,3e-07,0.0057907,1e-07,4,1.24e-05
389,0.0063749,0.0227268,4.4e-06,0.0227224,1e-07,4,1.61e-05
390,0.0110143,0.039064,1.31e-05,0.0389969,5.4e-05,4,1.61e-05
391,0.0902138,0.3319776,0.0008818,0.3206881,0.0104077,4,8.47e-05
392,0.0083223,0.0291467,7.5e-06,0.0291224,1.69e-05,4,1.61e-05
393,0.0031105,0.0248849,1e-06,0.0114418,0.0134421,4,8.47e-05
394,0.3510804,1.48392,0.0133551,1.281876,0.1886892,4,0.0027787
395,0.081815,0.2470493,0.0007253,0.2393871,0.0069369,4,7.2e-06
396,0.0049194,0.0198188,2.6e-06,0.0198162,1e-07,4,0.0001546
397,0.232834,0.7658552,0.0058739,0.7327635,0.0272179,4,2.7e-06
398,0.0053887,0.023861,3.1e-06,0.0198326,0.0040253,4,2.65e-05
399,0.0757783,0.2515562,0.0006222,0.250934,1e-07,4,8.47e-05
400,0.2008568,0.8440502,0.0043713,0.8014897,0.0381894,4,0.000121
401,0.0084825,0.0345793,7.8e-06,0.0308421,0.0037295,4,2.65e-05
402,0.0039432,0.0096125,1.7e-06,0.0096108,1e-07,4,1.45e-05
403,0.2350572,1.141619,0.0059866,0.9356575,0.1999747,4,0.0001477
404,0.0126676,0.0678169,1.74e-05,0.0435964,0.0242032,4,5e-06
405,0.0141277,0.0354556,2.16e-05,0.0354322,1.8e-06,4,1.32e-05
406,0.0139697,0.0360307,2.11e-05,0.0360031,6.5e-06,4,1.01e-05
407,0.1753605,0.5932818,0.003332,0.5897705,0.0001794,4,5e-06
408,0.120215,0.4739874,0.0015659,0.4214753,0.0509463,4,1.87e-05
409,0.035241,0.1408989,0.0001346,0.1407643,1e-07,4,9.44e-05
410,0.1977291,0.7070891,0.0042362,0.7028529,1e-07,4,0.0001057
411,3.108527,13.65067,1.046995,10.57729,2.026379,4,0.2437486
412,0.037656,0.0903209,0.0001536,0.0901673,1e-07,4,9.2e-06
413,0.0047368,0.0178217,2.4e-06,0.0178193,1e-07,4,0.000129
414,0.0788657,0.3200925,0.0006739,0.3194185,1e-07,4,0.0002008
415,0.1411887,0.5643088,0.0021599,0.562149,1e-07,4,8.88e-05
416,0.0157972,0.0620719,2.7e-05,0.0620449,1e-07,4,0.0001133
417,0.0201068,0.0771266,4.38e-05,0.0770828,1e-07,4,9.96e-05
418,0.0371985,0.1466386,0.0001499,0.1464887,1e-07,4,0.0001133
419,0.5297068,2.076447,0.0304023,2.046045,1e-07,4,0.0003873
420,0.8475383,3.427003,0.0778312,3.252032,0.0971394,4,0.0001546
421,0.5714548,2.119095,0.0353833,2.074542,0.0091693,4,9.5e-06
422,0.5153495,2.535091,0.0287766,1.922726,0.5835881,4,0.0001858
423,0.0108444,0.0422703,1.27e-05,0.0422576,1e-07,4,0.0001876
424,0.0068977,0.0277823,5.2e-06,0.02706,0.0007172,4,0.0002088
425,0.0070984,0.0266636,5.5e-06,0.0266582,1e-07,4,0.0001791
426,0.0074456,0.0290265,6e-06,0.0289258,9.48e-05,4,0.0001876
427,0.0093358,0.0338586,9.4e-06,0.0338491,1e-07,4,1.83e-05
428,0.036934,0.1376693,0.0001478,0.1346704,0.0028511,4,9.5e-06
429,0.007751,0.0190092,6.5e-06,0.0190027,1e-07,4,1e-07
430,0.0049273,0.0126496,2.6e-06,0.0122028,0.0004442,4,9e-07
431,0.4059511,1.736069,0.0178559,1.563913,0.1543,4,0.0003249
432,0.010174,0.0263189,1.12e-05,0.0253475,0.0009603,4,1.1e-06
433,0.4589339,1.831196,0.022821,1.766186,0.0421886,4,0.0003084
434,0.2120892,0.7712819,0.0048739,0.766408,1e-07,4,0.2941115
435,0.0061219,0.0247053,4.1e-06,0.0247012,1e-07,4,0.0933372
436,0.0360575,0.1448453,0.0001409,0.1447044,1e-07,4,0.0772622
437,5.199865,20.93947,2.929673,15.33251,2.677287,4,0.3928095
438,0.1554657,0.6408786,0.0026188,0.5095172,0.1287427,4,0.0921127
439,0.0778952,0.2489596,0.0006574,0.2483022,1e-07,4,0.0413858
440,0.0083106,0.0267121,7.5e-06,0.0267046,1e-07,4,0.0404514
441,0.0279633,0.1729066,8.47e-05,0.0921684,0.0806536,4,0.0410519
442,0.0384848,0.1466213,0.0001605,0.1248977,0.0215633,4,0.0406535
443,0.0544044,0.1464168,0.0003207,0.1427575,0.0033387,4,0.0201559
444,0.0117077,0.0302509,1.49e-05,0.0302284,7.8e-06,4,0.0199295
445,0.0793392,0.290105,0.000682,0.2175956,0.0718273,4,0.0404514
446,0.5056671,1.443212,0.0277054,1.336208,0.0792991,4,0.0403453
447,0.0027677,0.0028788,8e-07,0.0028594,1.87e-05,4,0.3865119
448,0.0204069,0.0235672,4.51e-05,0.021071,0.0024511,4,0.3865119
449,0.0149571,0.008869,2.42e-05,0.0087473,9.76e-05,4,0.0645036
450,0.0011339,0.0006621,1e-07,0.0006618,2e-07,4,0.0645036
451,0.0571948,0.0137401,0.0003544,0.0100984,0.0032873,4,0.0064693
452,0.0495218,0.0103846,0.0002657,0.0099863,0.0001326,4,0.026891
453,0.0307337,0.0099561,0.0001023,0.0062191,0.0036347,4,2.34e-05
454,0.0198876,0.0097789,4.29e-05,0.0048022,0.004934,4,0
455,0.0012616,0.0003065,2e-07,0.0003063,1e-07,4,0
456,0.04835,0.0160714,0.0002533,0.0114189,0.0043993,4,0
457,0.0843654,0.0508305,0.0007712,0.0480921,0.0019674,4,-3.65e-05
458,0.0483278,0.0097816,0.0002531,0.0093993,0.0001292,4,0.0001418
459,0.045496,0.0155675,0.0002243,0.0110535,0.0042899,4,2.25e-05
460,0.0959558,0.0242797,0.0009976,0.0221436,0.0011385,4,1.04e-05
461,0.003583,0.0008905,1.4e-06,0.0008891,1e-07,4,0.000112
462,0.0089871,0.002259,8.8e-06,0.0022424,8e-06,4,0.0001206
463,0.0169788,0.0042501,3.12e-05,0.0042189,1e-07,4,6.01e-05
464,0.061532,0.0203766,0.0004102,0.0149607,0.0050057,4,9.3e-05
465,0.1051102,0.0865883,0.0011971,0.0693642,0.0160271,4,0.009495
466,0.0081193,0.002351,7.1e-06,0.0020321,0.0003118,4,0.0003844
467,0.0085087,0.0061477,7.8e-06,0.0061399,1e-07,4,0.0084303
468,0.018837,0.0048216,3.84e-05,0.0047379,4.53e-05,4,0.0003279
469,0.2081986,0.0488347,0.0046967,0.0440907,4.75e-05,4,0.000151
470,0.0247828,0.0508436,6.65e-05,0.0224136,0.0283635,4,0.586051
471,0.0040787,0.0010242,1.8e-06,0.0010224,1e-07,4,0.0003491
472,0.2213604,0.0560898,0.0053093,0.0463176,0.004463,4,0.0003279
473,0.0413149,0.047756,0.0001849,0.0475711,1e-07,4,0.0084994
474,0.0224622,0.0279994,5.47e-05,0.0260205,0.0019243,4,0.0078039
475,0.0024097,0.0062428,6e-07,0.0028651,0.0033772,4,0.0085211
476,0.0045279,0.0053736,2.2e-06,0.0053714,1e-07,4,0.0085781
477,0.0026555,0.0029898,8e-07,0.002989,1e-07,4,0.0086127
478,0.0017094,0.0021637,3e-07,0.001999,0.0001645,4,0.0086524
479,0.0016552,0.0019737,3e-07,0.0019727,7e-07,4,0.0086929
480,0.0169182,0.0250726,3.1e-05,0.0201195,0.0049222,4,0.0087338
481,0.0023951,0.0027585,6e-07,0.0026543,0.0001036,4,-0.0005769
482,0.0137423,0.0038845,2.05e-05,0.0028456,0.0010185,4,0.0008039
483,0.0156866,0.003961,2.67e-05,0.0033195,0.0006148,4,0.000734
484,0.1252694,0.1358624,0.0017003,0.1016749,0.0324872,4,0.0085305
485,0.0190559,0.0167396,3.93e-05,0.0167003,1e-07,4,0.0085342
486,0.004523,0.0041936,2.2e-06,0.0041914,1e-07,4,0.0006128
487,0.005685,0.0052773,3.5e-06,0.0052738,1e-07,4,0.0085367
488,0.0020894,0.0024899,5e-07,0.0024894,1e-07,4,0.0087177
489,0.0069139,0.0027098,5.2e-06,0.002542,0.0001626,4,0.0563563
490,0.0021611,0.0019244,5e-07,0.0019085,1.55e-05,4,0.0092284
491,0.0085862,0.0079996,8e-06,0.0076564,0.0003353,4,0.0096194
492,0.039735,0.0417828,0.0001711,0.0416117,1e-07,4,0.0096573
493,0.0024551,0.0028751,7e-07,0.0028745,1e-07,4,-0.0029219
494,0.0734346,0.0705326,0.0005843,0.0683241,0.0016243,4,0.0096297
495,0.0415165,0.0173994,0.0001868,0.0158518,0.0013609,4,0.0557303
496,0.0027844,0.0011379,8e-07,0.0011318,5.4e-06,4,0.0004984
497,0.0286054,0.0113043,8.87e-05,0.0106412,0.0005745,4,0.0010514
498,0.1145956,0.1463325,0.0014229,0.0976097,0.0473,4,0.0096194
499,0.0204204,0.0245364,4.52e-05,0.0242109,0.0002804,4,-0.0029609
500,0.0047375,0.0019244,2.4e-06,0.0019195,2.5e-06,4,0.0005928
501,0.0287691,0.0681018,8.97e-05,0.0345685,0.0334437,4,0.0098161
502,0.0058388,0.003367,3.7e-06,0.0024302,0.0009332,4,0.0005281
503,0.0049369,0.0017451,2.6e-06,0.0017297,1.28e-05,4,0.0009869
504,0.0430972,0.0539024,0.0002012,0.0401938,0.0135074,4,0.0096237
505,0.2774354,0.4173266,0.0083399,0.3184588,0.0905281,4,0.0100732
506,0.0266501,0.0231887,7.7e-05,0.0227972,0.0003147,4,0.0096194
507,0.0102639,0.0120837,1.14e-05,0.0120723,1e-07,4,0.0098566
508,0.0047823,0.0017782,2.5e-06,0.0017534,2.25e-05,4,0.0005723
509,0.0195861,0.0109568,4.16e-05,0.0081563,0.0027591,4,0.00077
510,0.0084985,0.005188,7.8e-06,0.0049442,0.000236,4,0.0002795
511,0.0056461,0.0067242,3.5e-06,0.0067179,2.9e-06,4,0.0098848
512,0.0119736,0.0070891,1.55e-05,0.0068811,0.0001925,4,0.0002635
513,0.0084945,0.0045209,7.8e-06,0.0045117,1.5e-06,4,0.0001787
514,0.0142653,0.0125758,2.2e-05,0.0123762,0.0001776,4,0.0096191
515,0.0026149,0.0011756,7e-07,0.001108,6.69e-05,4,0.0003992
516,0.0082872,0.0048343,7.4e-06,0.0046591,0.0001679,4,0.0002365
517,0.0133351,0.0131655,1.93e-05,0.0131462,1e-07,4,-0.0021038
518,0.0070514,0.0032075,5.4e-06,0.0029649,0.0002373,4,0.000452
519,0.3932319,0.5376491,0.0167545,0.4411312,0.0797634,4,0.009794
520,0.0097949,0.0041362,1.04e-05,0.0039723,0.0001536,4,0.0004463
521,0.0080116,0.0040138,7e-06,0.0040068,1e-07,4,0.0002848
522,0.022741,0.0218691,5.6e-05,0.0209677,0.0008455,4,0.000306
523,0.007014,0.0047464,5.3e-06,0.0034651,0.001276,4,0.0002712
524,0.0051537,0.0024417,2.9e-06,0.002269,0.0001699,4,0.0003584
525,0.0046553,0.0030201,2.3e-06,0.0027175,0.0003003,4,0.0001859
526,0.0038656,0.0033115,1.6e-06,0.0019912,0.0013188,4,0.0002848
527,0.0145103,0.0089164,2.28e-05,0.0088308,6.28e-05,4,9.16e-05
528,0.0188231,0.0144085,3.84e-05,0.0136387,0.0007314,4,-0.0023742
529,0.0035925,0.0016877,1.4e-06,0.0014955,0.0001908,4,0.0002991
530,0.1093295,0.1237887,0.0012951,0.1219617,0.0005319,4,0.0096473
531,0.0028028,0.0015299,9e-07,0.0014232,0.0001059,4,0.0002952
532,0.0527584,0.0319828,0.0003016,0.027568,0.0041133,4,0.0006599
533,0.0189997,0.0209339,3.91e-05,0.0101642,0.0107307,4,0.0001831
534,0.0152868,0.0135482,2.53e-05,0.0135073,1.56e-05,4,8.2e-06
535,0.0018565,0.0009902,4e-07,0.0009898,1e-07,4,0.0001199
536,0.0078384,0.026427,6.7e-06,0.009069,0.0173514,4,0.0099158
537,0.0043629,0.0055828,2.1e-06,0.0024594,0.0031214,4,7e-05
538,0.0072658,0.0102062,5.7e-06,0.004135,0.0060655,4,7e-05
539,0.5048329,0.7598214,0.0276141,0.5540556,0.1781518,4,0.0106774
540,0.0027677,0.0048154,8e-07,0.0015965,0.0032182,4,7e-05
541,0.0764492,0.0455716,0.0006333,0.0396351,0.0053033,4,0.0004299
542,0.0117571,0.006037,1.5e-05,0.0050372,0.0009849,4,0.0003441
543,0.0104158,0.0052859,1.18e-05,0.0052367,3.75e-05,4,0.0002952
544,0.0148435,0.0072801,2.39e-05,0.0063259,0.0009304,4,0.0003681
545,0.0041426,0.0028529,1.9e-06,0.0022082,0.0006429,4,0.0001387
546,0.0089862,0.004602,8.7e-06,0.0038833,0.0007101,4,0.0002308
547,0.0028725,0.0012265,9e-07,0.0012237,1.9e-06,4,0.0002382
548,0.0384422,0.0303003,0.0001601,0.0280501,0.0020902,4,-0.0022341
549,0.0441029,0.0279992,0.0002108,0.0274744,0.0003141,4,0.0003011
550,0.0096489,0.0366879,1.01e-05,0.0114947,0.0251832,4,-0.0015719
551,0.0035734,0.0042066,1.4e-06,0.0042052,1e-07,4,-0.0015719
552,0.0042805,0.0021506,2e-06,0.002111,3.76e-05,4,0.0001895
553,0.008504,0.0055376,7.8e-06,0.0055146,1.53e-05,4,0.0004123
554,0.0131934,0.0088763,1.89e-05,0.0082773,0.0005803,4,0.0001713
555,0.0044168,0.0032869,2.1e-06,0.0031306,0.0001543,4,-0.0023434
556,0.0140663,0.0717254,2.14e-05,0.0151242,0.0565798,4,-0.0020423
557,0.00704,0.0046173,5.4e-06,0.004456,0.000156,4,0.000204
558,0.0657602,0.0486114,0.0004686,0.0417301,0.0064128,4,0.0001234
559,0.0082169,0.0059654,7.3e-06,0.0057251,0.0002331,4,-0.0024087
560,0.3455513,0.5720002,0.0129378,0.3851386,0.1739239,4,0.0098566
561,0.0029788,0.0022864,1e-06,0.0020086,0.0002769,4,0.0003129
562,0.0902259,0.170365,0.0008821,0.1027284,0.0667546,4,0.0100913
563,0.0253973,0.018026,6.99e-05,0.0171738,0.0007824,4,0.0003393
564,0.0028956,0.0021167,9e-07,0.0018985,0.0002175,4,0.0001922
565,0.0109235,0.0086975,1.29e-05,0.0059159,0.0027687,4,0.0001201
566,0.0091356,0.0088369,9e-06,0.0086862,0.0001418,4,0.0097939
567,0.008073,0.0049954,7.1e-06,0.0044225,0.0005659,4,9.31e-05
568,0.0079478,0.0771277,6.8e-06,0.0084086,0.0687123,4,-0.0019921
569,0.0039256,0.0029486,1.7e-06,0.0026312,0.0003158,4,0.0001922
570,0.0013674,0.0008285,2e-07,0.0008188,9.6e-06,4,7e-05
571,0.0109307,0.0065255,1.29e-05,0.0064646,4.8e-05,4,7e-05
572,0.001396,0.0008864,2e-07,0.000833,5.33e-05,4,5.95e-05
573,0.0016498,0.0012689,3e-07,0.0011349,0.0001338,4,0.0001922
574,0.022745,0.0146042,5.61e-05,0.0116694,0.0028788,4,0.0001475
575,0.1541835,0.2289524,0.0025758,0.1701501,0.0562266,4,0.0102012
576,0.0424614,0.0492618,0.0001954,0.0467447,0.0023218,4,1.05e-05
577,0.1523929,0.3141655,0.0025163,0.1727487,0.1389006,4,0.0096602
578,0.0830995,0.0808954,0.0007482,0.0546079,0.0255394,4,0.0001461
579,0.0049962,0.0056301,2.7e-06,0.0034367,0.0021907,4,0.0001821
580,0.0057946,0.0066362,3.6e-06,0.0037658,0.0028668,4,7.64e-05
581,0.0181829,0.0226818,3.58e-05,0.0112477,0.0113983,4,7.64e-05
582,0.0043948,0.0046916,2.1e-06,0.0044163,0.0002732,4,0.009682
583,0.0057414,0.0040671,3.6e-06,0.0038856,0.000178,4,0.0001457
584,0.0148136,0.0099354,2.38e-05,0.0081456,0.0017661,4,8.18e-05
585,0.0175447,0.067517,3.34e-05,0.0178033,0.0496804,4,-0.0011329
586,0.0038425,0.0024749,1.6e-06,0.0024733,1e-07,4,8.33e-05
587,0.0147818,0.0166282,2.37e-05,0.0166045,1e-07,4,0.010196
588,0.0797838,0.0527859,0.0006897,0.0415307,0.0105655,4,0.0002611
589,0.0079023,0.0044059,6.8e-06,0.0042149,0.0001843,4,0.0001906
590,0.0327529,0.0583545,0.0001162,0.0373675,0.0208708,4,2.08e-05
591,0.0047345,0.0050316,2.4e-06,0.0050267,2.6e-06,4,0.0096483
592,0.0012224,0.0008586,2e-07,0.0007162,0.0001423,4,5.49e-05
593,0.0020647,0.0021328,5e-07,0.0021063,2.6e-05,4,0.0096636
594,0.0433824,0.0464119,0.0002039,0.0252843,0.0209238,4,5.95e-05
595,0.0012694,0.0005694,2e-07,0.0005692,1e-07,4,0.0001177
596,0.0062802,0.0154258,4.3e-06,0.0063556,0.009066,4,-0.002437
597,0.0102315,0.0060305,1.13e-05,0.0055526,0.0004667,4,7.17e-05
598,0.1212121,0.0865076,0.0015919,0.0651963,0.0197194,4,0.0001293
599,0.0232668,0.0235172,5.87e-05,0.0234003,5.83e-05,4,-0.0067796
600,0.0057243,0.0061966,3.6e-06,0.0056321,0.000561,4,0.0096958
601,0.0093889,0.0052108,9.6e-06,0.0052012,1e-07,4,7.87e-05
602,0.0135072,0.0141152,1.98e-05,0.0136313,0.0004642,4,0.009682
603,0.0793606,0.035446,0.0006824,0.0347569,6.8e-06,4,0.0001406
604,0.005648,0.0060011,3.5e-06,0.0059975,2e-07,4,0.0096427
605,0.0024,0.0018057,6e-07,0.0015969,0.0002083,4,0.000129
606,0.0112007,0.0275067,1.36e-05,0.008048,0.0194452,4,0.0002139
607,0.0013803,0.0016493,2e-07,0.0013928,0.0002565,4,0.0096636
608,0.0056129,0.0056815,3.4e-06,0.0054941,0.000184,4,0.0096864
609,0.007182,0.0071992,5.6e-06,0.0071936,1e-07,4,0.0096785
610,0.0058549,0.0284948,3.7e-06,0.0062897,0.0222014,4,0.009635
611,0.0352294,0.0338234,0.0001345,0.0332647,0.0004243,4,0.0097471
612,0.0065936,0.0031463,4.7e-06,0.0031416,1e-07,4,5.45e-05
613,0.0029131,0.0029771,9e-07,0.0029761,1e-07,4,2.7e-06
614,0.0031922,0.003877,1.1e-06,0.0032066,0.0006694,4,0.0096636
615,0.0034562,0.0019674,1.3e-06,0.0017376,0.0002286,4,6.82e-05
616,0.0319542,0.0212455,0.0001106,0.0183324,0.0028026,4,5.95e-05
617,0.0054616,0.002837,3.2e-06,0.002739,9.49e-05,4,7.17e-05
618,0.0917048,0.0904031,0.0009112,0.0870769,0.002415,4,0.009838
619,0.0044166,0.0032017,2.1e-06,0.0029436,0.0002561,4,0.000129
620,0.0869292,0.1076404,0.0008188,0.0940389,0.0127829,4,8.2e-06
621,0.0304766,0.0627093,0.0001006,0.0294603,0.0331484,4,-0.0014477
622,0.0086276,0.0241129,8.1e-06,0.0080871,0.0160179,4,-0.0015672
623,0.506955,0.5566892,0.0278467,0.5179267,0.0109158,4,0.0101724
624,0.0045376,0.0038536,2.2e-06,0.0032325,0.000619,4,0.0001588
625,0.0130403,0.0165545,1.84e-05,0.0141655,0.0023706,4,3.3e-06
626,0.0523377,0.1199422,0.0002968,0.0509245,0.068721,4,-0.0007015
627,0.0443334,0.0688766,0.000213,0.0441899,0.0244738,4,-0.0014595
628,0.0022733,0.0019375,6e-07,0.001937,1e-07,4,-0.001694
629,0.0027697,0.0034234,8e-07,0.0022301,0.0011925,4,-0.0027134
630,0.0089689,0.0051717,8.7e-06,0.0045955,0.0005676,4,3.9e-05
631,0.0096442,0.0044136,1.01e-05,0.0042608,0.0001428,4,6.52e-05
632,0.0028456,0.0049851,9e-07,0.0025385,0.0024458,4,-0.0016021
633,0.0102031,0.0081298,1.13e-05,0.0066252,0.0014934,4,0.000106
634,0.0122155,0.0069892,1.62e-05,0.006422,0.0005511,4,5.12e-05
635,0.0031089,0.0025779,1e-06,0.0025698,7.2e-06,4,-0.0017711
636,0.0062588,0.0076882,4.2e-06,0.0059015,0.0017825,4,0.0097864
637,0.0075698,0.015402,6.2e-06,0.0075313,0.0078645,4,-0.0017837
638,0.0016914,0.00173,3e-07,0.0016538,7.6e-05,4,-0.0019016
639,0.0024391,0.0023323,6e-07,0.0023316,1e-07,4,-0.001894
640,0.0018601,0.0019454,4e-07,0.0019451,1e-07,4,2.84e-05
641,0.0049642,0.002236,2.7e-06,0.0022041,2.93e-05,4,4.3e-05
642,0.0588621,0.0270842,0.0003754,0.0264881,0.0002207,4,3.73e-05
643,0.0045382,0.0050227,2.2e-06,0.0036667,0.0013538,4,-0.0018203
644,0.0014867,0.001567,2e-07,0.0015668,1e-07,4,2.24e-05
645,0.0034188,0.0014505,1.3e-06,0.001438,1.13e-05,4,5.33e-05
646,0.0101071,0.009439,1.11e-05,0.0094279,2e-07,4,0.0097211
647,0.0048153,0.0072274,2.5e-06,0.0046332,0.0025918,4,-0.0019016
648,0.0039087,0.0038239,1.7e-06,0.0036881,0.0001342,4,0.0098052
649,0.0077652,0.0107111,6.5e-06,0.0066271,0.0040776,4,-0.001694
650,0.0220829,0.0122826,5.28e-05,0.0119538,0.000276,4,5.49e-05
651,0.002334,0.0043581,6e-07,0.0021949,0.0021626,4,0.0097079
652,0.0616343,0.0672203,0.0004116,0.0650303,0.0017785,4,5.2e-06
653,0.0175016,0.0183464,3.32e-05,0.0148699,0.0034434,4,-0.0017059
654,0.0084103,0.0040248,7.7e-06,0.0039464,7.09e-05,4,3.73e-05
655,0.007764,0.0107871,6.5e-06,0.0072841,0.0034965,4,0.009712
656,0.0091543,0.0075264,9.1e-06,0.0074617,5.58e-05,4,-0.0016562
657,0.044575,0.0499487,0.0002153,0.0463076,0.0034259,4,2.35e-05
658,0.0250118,0.0220334,6.78e-05,0.0211049,0.0008609,4,-0.001694
659,0.0099015,0.0071269,1.06e-05,0.005387,0.0017293,4,5.49e-05
660,0.009986,0.0100438,1.08e-05,0.010033,1e-07,4,3.1e-06
661,0.0033264,0.0025802,1.2e-06,0.0025081,7.1e-05,4,-0.000314
662,0.0078123,0.0068267,6.6e-06,0.0067405,7.97e-05,4,-0.0018129
663,0.0050427,0.0039262,2.8e-06,0.0038629,6.07e-05,4,0.00064
664,0.004811,0.0038907,2.5e-06,0.003826,6.22e-05,4,-0.0018078
665,0.2482384,0.233785,0.0066769,0.2212962,0.005812,4,0.0098005
666,0.1023083,0.0942497,0.0011341,0.0845489,0.0085668,4,0.0097027
667,0.0028765,0.0020178,9e-07,0.0020145,2.5e-06,4,-0.0003776
668,0.011512,0.0054975,1.44e-05,0.005352,0.0001312,4,4.22e-05
669,0.0030194,0.0009131,1e-06,0.0009121,1e-07,4,1.59e-05
670,0.0347657,0.0181167,0.000131,0.0167121,0.0012737,4,4.74e-05
671,0.0208231,0.0142322,4.7e-05,0.0137922,0.0003931,4,-0.0009043
672,0.0214505,0.0298092,4.99e-05,0.0200058,0.0097536,4,0.0097354
673,0.0285261,0.0136811,8.82e-05,0.0133164,0.0002767,4,3.73e-05
674,0.0073339,0.0048308,5.8e-06,0.0047759,4.92e-05,4,-0.0009144
675,0.6226134,0.7603613,0.0420022,0.5793446,0.1390147,4,0.0096785
676,0.0101782,0.0036823,1.12e-05,0.0036496,2.16e-05,4,1.89e-05
677,0.0034435,0.001938,1.3e-06,0.0019367,1e-07,4,9.9e-05
678,0.0254051,0.016502,6.99e-05,0.0163615,7.06e-05,4,-0.0009043
679,0.001664,0.0005683,3e-07,0.000568,1e-07,4,1.89e-05
680,0.0390211,0.030758,0.000165,0.0305517,4.14e-05,4,-0.0018587
681,0.0704341,0.0608496,0.0005375,0.0568612,0.003451,4,-0.0018957
682,0.7597061,0.7256513,0.0625354,0.6301309,0.0329849,4,9.39e-05
683,0.0948642,0.0962289,0.0009751,0.0923517,0.0029022,4,1.36e-05
684,0.1120231,0.0899968,0.0013597,0.0886371,1e-07,4,1.13e-05
685,0.2150821,0.1681476,0.0050124,0.1631353,1e-07,4,5.82e-05
686,0.036287,0.0600182,0.0001427,0.0598755,1e-07,7,1.7e-06
687,0.0022196,0.004795,5e-07,0.0047945,1e-07,7,0
688,0.3065415,0.6490754,0.0101815,0.5456935,0.0932004,7,1.5e-05
689,0.0022295,0.0048278,5e-07,0.0041831,0.0006442,7,1.5e-05
690,0.1183905,0.2648706,0.0015187,0.2633519,1e-07,7,2.18e-05
691,0.2381601,0.419739,0.0061457,0.4068329,0.0067604,7,4.4e-06
692,0.0162073,0.0293404,2.85e-05,0.029312,1e-07,7,1.31e-05
693,0.0023923,0.0037044,6e-07,0.0037038,1e-07,7,5e-06
694,0.0867133,0.3268808,0.0008147,0.1955994,0.1304668,7,2.18e-05
695,0.075826,0.0713606,0.000623,0.0707377,1e-07,7,0
696,0.0737235,0.1673507,0.0005889,0.1667618,1e-07,7,1.22e-05
697,0.0113537,0.0253342,1.4e-05,0.0253202,1e-07,7,2.18e-05
698,0.0314244,0.0691149,0.000107,0.0690079,1e-07,7,2e-06
699,1.164727,2.313946,0.1469884,1.933366,0.2335919,7,2.18e-05
700,0.0425094,0.0807542,0.0001958,0.0805404,1.81e-05,7,2.18e-05
701,0.0206523,0.0374701,4.62e-05,0.0374239,1e-07,7,2.18e-05
702,0.0260644,0.1377543,7.36e-05,0.0588337,0.078847,7,2e-06
703,0.0078043,0.0177642,6.6e-06,0.0177576,1e-07,7,7.3e-06
704,1.427748,2.95636,0.2208706,2.728261,0.0072283,7,2e-06
705,0.003412,0.0077575,1.3e-06,0.0077563,1e-07,7,2e-06
706,0.0083795,0.0190523,7.6e-06,0.0189814,6.34e-05,7,1.22e-05
707,0.0016422,0.0036983,3e-07,0.003698,1e-07,7,1.22e-05
708,0.0255401,0.0573693,7.07e-05,0.0572986,1e-07,7,7.3e-06
709,0.0347019,0.0783357,0.0001305,0.0770408,0.0011645,7,1e-07
710,0.0028099,0.0063569,9e-07,0.0063561,1e-07,7,1.2e-06
711,0.0094959,0.0216033,9.8e-06,0.0215935,1e-07,7,7.3e-06
712,0.003575,0.008167,1.4e-06,0.0080672,9.84e-05,7,2e-06
713,0.0074781,0.0168509,6.1e-06,0.0168448,1e-07,7,2e-06
714,0.003379,0.007565,1.2e-06,0.0075638,1e-07,7,2e-06
715,0.0014907,0.0033296,2e-07,0.0033294,1e-07,7,2e-06
716,0.2088254,0.4533647,0.004725,0.448194,0.0004457,7,1e-07
717,0.0031407,0.0070656,1.1e-06,0.0070646,1e-07,7,1.2e-06
718,0.0051036,0.0115655,2.8e-06,0.0115626,1e-07,7,2e-06
719,0.004328,0.0098402,2e-06,0.0098382,1e-07,7,7.3e-06
720,0.1967485,0.4351514,0.0041943,0.4309572,1e-07,7,1e-07
721,0.00867,0.0196834,8.1e-06,0.0196753,1e-07,7,2.18e-05
722,0.1228936,0.2702872,0.0016364,0.2685083,0.0001425,7,1.22e-05
723,0.0049818,0.0104533,2.7e-06,0.0103931,5.76e-05,7,1.22e-05
724,0.0187145,0.0396584,3.79e-05,0.0392963,0.0003242,7,1.22e-05
725,0.0075607,0.015654,6.2e-06,0.0155576,9.03e-05,7,1.22e-05
726,0.0028722,0.0064593,9e-07,0.0062191,0.0002394,7,4.5e-06
727,0.1099457,0.2477574,0.0013098,0.2464477,1e-07,7,2.03e-05
728,0.001127,0.0023766,1e-07,0.0023764,1e-07,7,2e-06
729,0.193749,0.4242297,0.0040674,0.4201623,1e-07,7,1e-07
730,0.0973979,0.2558434,0.0010279,0.2073146,0.047501,7,7.3e-06
731,6.186422,10.83671,4.146809,5.892531,0.7973676,7,2.18e-05
732,0.268219,0.5624656,0.007795,0.5546625,8.2e-06,7,7.3e-06
